motor,case,mass_kg,best_range_speed,best_range_km,best_endurance_speed,best_endurance_min,vmax_full_throttle,roc13,roc15,roc20
MN3110 KV700,maiden,3.8,13.0,71.60700082586132,10.5,100.80565793424563,36.5,13.801290995228035,15.124351993696123,16.335230870478185
MN3110 KV700,design (with payload),3.99,13.5,68.80267344392861,10.5,94.47977151878996,36.5,13.07043197502642,14.340310693751618,15.509487187176658
U5 KV400,maiden,3.95,13.5,74.01988598541305,10.5,102.92466344475281,25.5,6.876852197906479,6.988974859517405,5.32839948151291
U5 KV400,design (with payload),4.14,13.5,71.34896874999397,11.0,96.79620586896272,25.5,6.487679650144322,6.604488485340733,5.036059089097155
KDE3510XF-475,maiden,3.88,13.5,71.7738810637149,10.5,100.4398865449139,29.25,9.511455345129875,9.987937581367563,9.109851745832236
KDE3510XF-475,design (with payload),4.07,13.5,69.20306588026432,10.5,94.48588761480337,29.0,8.993741632963768,9.457805559825623,8.636677612633212
MN3510 KV700,maiden,3.83,13.5,72.20305037712474,10.5,101.47853125660178,38.5,16.486584708963278,18.070625064584046,20.00927907004716
MN3510 KV700,design (with payload),4.02,13.5,69.54950575861147,10.5,95.32892231330638,38.5,15.63447272211636,17.153542568579056,19.016621534125484
SunnySky X2814 KV900,maiden,3.86,13.5,66.60480055270284,10.5,92.9247916506445,40.0,19.10582072255125,21.134664983112728,24.66587305279431
SunnySky X2814 KV900,design (with payload),4.05,13.5,64.11930242029452,10.5,87.2710947775893,40.0,18.1349325854289,20.07832633995024,23.45967292115469
