motor,case,mass_kg,speed,duty,rpm,iw,i_bus_tot,p_bus,eta,endurance_min,range_km,drag,pct_rating
MN3110 KV700,maiden,3.8,13,0.34514839395347624,4884.939283567319,7.637899491215009,5.3800178419814975,140.51698694195338,0.4685302756544001,91.80384721264272,71.60700082586132,4.631853793706642,36.37094995816671
MN3110 KV700,maiden,3.8,15,0.37934151610352523,5374.889056791056,8.293149780196925,6.420277573252079,165.22723393589717,0.48078067484648906,78.0742961841556,70.26686656574005,4.911246195770767,39.49118942950916
MN3110 KV700,maiden,3.8,20,0.49327273623736717,6875.590771198801,11.443449545900828,11.519880958164814,285.6992058071034,0.49369234988812016,45.152383128113215,54.182859753735855,6.756160203871055,54.49261688524204
MN3110 KV700,design (with payload),3.99,13,0.3496809674857557,4928.425743214115,7.904761234574725,5.641111339285687,146.72322710735656,0.46834599400391763,87.92063979455102,68.5780990397498,4.853621824231573,37.64172016464155
MN3110 KV700,design (with payload),3.99,15,0.3831718702325193,5413.112946209566,8.504086376746098,6.6500544522381455,170.67924053271514,0.4800078394508419,75.5803691165791,68.0223322049212,5.077818627587271,40.495649413076656
MN3110 KV700,design (with payload),3.99,20,0.4951664082976468,6892.479716079961,11.559210636448377,11.681087374706324,289.4898613091285,0.49370143935723687,44.56114608526783,53.4733753023214,6.8498571967678386,55.043860173563694
U5 KV400,maiden,3.95,13,0.5521377020707374,4919.599790030131,4.614514748983435,5.19968891770457,136.22882657787568,0.5031781904954519,94.69361458990231,73.8610193801238,4.808402781909906,15.381715829944783
U5 KV400,maiden,3.95,15,0.606291476464185,5405.319578998196,4.964052224785561,6.1421684747154295,158.62540536112334,0.5159938780775917,81.32366924851745,73.19130232366571,5.043854102465662,16.546840749285206
U5 KV400,maiden,3.95,20,0.7790132376060299,6888.907000081668,6.720785252226435,10.684858527738314,266.04660654591123,0.537755827110604,48.48774493868189,58.18529392641826,6.830752151386934,22.40261750742145
U5 KV400,design (with payload),4.14,13,0.5582015731267757,4964.273576874825,4.771900835324942,5.43608684302726,141.84994232463043,0.5044648160571144,90.94117197790413,70.93411414276524,5.038825174601661,15.906336117749806
U5 KV400,design (with payload),4.14,15,0.6115499561025469,5444.712564363739,5.090019613298745,6.352655655252961,163.62224389476773,0.5161109730198311,78.84013623658973,70.95612261293076,5.216926921865248,16.96673204432915
U5 KV400,design (with payload),4.14,20,0.7815201518110544,6906.495833487747,6.789446611442033,10.82875376834128,269.4352886306992,0.5382405535115145,47.87791556762764,57.45349868115317,6.9281056122992,22.631488704806777
KDE3510XF-475,maiden,3.88,13,0.4741444772824857,4903.0696490390765,5.5550627524931855,5.375310867453648,140.4050429507138,0.47825883752575754,91.87704179919143,71.66409260336931,4.723911274927181,18.51687584164395
KDE3510XF-475,maiden,3.88,15,0.5208152584971333,5390.755876110643,5.983629942322363,6.359930153391446,163.79493284006827,0.4921499848111309,78.75701510617392,70.88131359555653,4.9803915927764155,19.945433141074542
KDE3510XF-475,maiden,3.88,20,0.6712077223852247,6882.693534289112,8.095627220270023,11.089484709790348,275.5732303137837,0.5156103661663384,46.811513532396845,56.17381623887622,6.795054489686732,26.985424067566743
KDE3510XF-475,design (with payload),4.07,13,0.4795221415236243,4947.182168691007,5.738663304906703,5.6159512601059225,146.12525380712864,0.4797981230316826,88.28042835789881,68.85873411916107,4.950234232908335,19.128877683022345
KDE3510XF-475,design (with payload),4.07,15,0.5254547405769519,5429.616257356388,6.130638599171426,6.574230846323815,168.88033920363858,0.492450358090774,76.38544581820727,68.74690123638655,5.150385281215594,20.435461997238086
KDE3510XF-475,design (with payload),4.07,20,0.6733943235688735,6899.849246496036,8.172298219915401,11.23097802408784,278.9029455048275,0.5163431918220729,46.25264884402848,55.503178612834176,6.890675939433771,27.240994066384673
MN3510 KV700,maiden,3.83,13,0.33136750777968105,4892.605026558825,7.885477568352096,5.332634794851864,139.390362706406,0.47664257487410244,92.54585288059626,72.18576524686509,4.670743884194399,31.541910273408387
MN3510 KV700,maiden,3.83,15,0.3641112129259785,5381.739845853081,8.530593789766822,6.3389486770833,163.29694973197996,0.48981063236240135,78.9971889932594,71.09747009393347,4.940456974848237,34.12237515906729
MN3510 KV700,maiden,3.83,20,0.4711372080194015,6878.474395634205,11.66221248833044,11.21326985934898,278.48636212110995,0.508288019934333,46.32183745640644,55.58620494768773,6.772591267102132,46.64884995332176
MN3510 KV700,design (with payload),4.02,13,0.33537542488529676,4936.353078517257,8.153663576600504,5.5806905844370664,145.28724691558986,0.4773736598058936,88.7896238235882,69.25590658239881,4.894447758888226,32.61465430640202
MN3510 KV700,design (with payload),4.02,15,0.3675408003418869,5420.171772289647,8.745573637605549,6.559908437172348,168.54054636780418,0.4895041788783526,76.53944571799637,68.88550114619673,5.108483440729378,34.982294550422196
MN3510 KV700,design (with payload),4.02,20,0.47281247295713524,6895.59931637304,11.779914618338877,11.36671543249125,282.0965208055778,0.5084927516784555,45.72902906835472,54.87483488202566,6.867106154160274,47.11965847335551
SunnySky X2814 KV900,maiden,3.86,13,0.2714102057598357,4897.5971170382545,10.533809095564143,5.834659783799782,151.32208320937812,0.4381875658643731,85.24862813414221,66.49392994463092,4.696092654820849,21.067618191128286
SunnySky X2814 KV900,maiden,3.86,15,0.2978091509679128,5385.896961749189,11.355230875005919,6.901411563122739,176.6371734638772,0.4518569482614685,73.03105992373733,65.7279539313636,4.959496718118771,22.710461750011838
SunnySky X2814 KV900,maiden,3.86,20,0.38578187497988015,6880.4392814125995,15.370129262358795,12.101055684726322,299.36000210125485,0.4721117116571865,43.09192914702323,51.71031497642788,6.783301122691808,30.74025852471759
SunnySky X2814 KV900,design (with payload),4.05,13,0.2749544186420983,4941.5086500697025,10.881375643545638,6.10588227366812,157.76388932139966,0.4388853717280359,81.76776102242174,63.77885359748896,4.921049134565136,21.762751287091277
SunnySky X2814 KV900,design (with payload),4.05,15,0.30082159867682384,5424.647798333104,11.631971460132009,7.141118878367551,182.319696593237,0.4516621505455511,70.75483472737699,63.67935125463929,5.1284640295711466,23.263942920264018
SunnySky X2814 KV900,design (with payload),4.05,20,0.38726857103484247,6897.602098007477,15.521071349648713,12.266985964302634,303.2576808516808,0.4723202639855172,42.538081686080076,51.0456980232961,6.878345235383769,31.042142699297425
