motor,speed,thrust_total_kgf,rpm,iw,i_bus_tot,drag_maiden,drag_design
MN3110 KV700,0,5.142335852538587,9374.15682389601,50.84553005081164,103.76638785879926,,
MN3110 KV700,5,5.087017056883393,9612.329628405378,49.212445257699265,100.43356175040667,1.5281345323075335,1.6809532770933173
MN3110 KV700,10,4.781154113826607,9823.372247818836,47.76769574693283,97.48509336108741,0.5216084419453849,0.5598131281418308
MN3110 KV700,13,4.506379871703105,9966.399919003992,46.78844511995894,95.48662269379376,0.47215635002106443,0.4947626732142276
MN3110 KV700,15,4.332139222273636,10055.153502716386,46.1807652866855,94.24645976874592,0.5006367172039518,0.5176165777357055
MN3110 KV700,18,4.01247511434791,10221.24595505568,45.043542346415904,91.92559662533858,0.5974102449492273,0.6092018147629452
MN3110 KV700,20,3.792395211351207,10349.314852234585,44.1667562679125,90.13623728145407,0.6887013459603522,0.6982525175094636
MN3110 KV700,22,3.550362347757979,10511.688678735407,43.05745791952894,87.87236310107947,0.7975882640408299,0.8054817942467072
MN3110 KV700,25,3.232929172204745,10770.10995633038,41.28821151159022,84.2616561461025,0.9901353091210474,0.9962480589124787
MN3110 KV700,28,2.904869702339242,11077.910191570792,39.18055107953316,79.96030832557788,1.214759520740553,1.2196325674492832
U5 KV400,0,3.5970754317192712,7919.62538524391,17.78456921849277,36.295039221413816,,
U5 KV400,5,3.31738692935301,7942.209144181559,17.54587342159712,35.80790494203494,1.64979316230285,1.8085755654217364
U5 KV400,10,2.891946855472292,7991.098956967638,17.028564496200154,34.75217244122481,0.5520230994442139,0.5917187002239355
U5 KV400,13,2.5807162569413378,8048.947559987695,16.416329524117415,33.50271331452534,0.49015318877776815,0.5136417099492009
U5 KV400,15,2.3555162524131728,8103.999482449022,15.833668356660036,32.313608891142934,0.514154342758987,0.5317968319944187
U5 KV400,18,1.9797136645581563,8225.851904028636,14.543916494606595,29.68146223389101,0.6067974849180018,0.6190492135537183
U5 KV400,20,1.7491967478820105,8316.712501378219,13.582116972286084,27.71860606588997,0.6963050103350594,0.7062289105299898
U5 KV400,22,1.5166757270726965,8419.462050594166,12.494572771989997,25.499128106102035,0.8038722841852162,0.8120738545942495
U5 KV400,25,1.1184511104277337,8632.285428113522,10.242224111872561,20.902498187495024,0.9950016543208601,1.0013529504456156
U5 KV400,28,0.7350566939888741,8861.430715001685,7.818732823830052,15.956597599653168,1.2186389413398935,1.223702155725062
KDE3510XF-475,0,4.245138369286798,8565.087973835552,26.69481631499976,54.47921696938727,,
KDE3510XF-475,5,4.021620259698993,8656.21347910381,25.83718801856361,52.72895513992573,1.5915706763494133,1.7475281886789344
KDE3510XF-475,10,3.628866135027412,8744.683306018043,25.001900435379344,51.02428660281499,0.5374674779558549,0.5764568560382352
KDE3510XF-475,13,3.3203439903133596,8823.121058090055,24.26339884993042,49.517140510062085,0.48154039499767387,0.5046110329162421
KDE3510XF-475,15,3.0912316987001263,8887.44229222067,23.660201190632616,48.286124878842074,0.5076851776530494,0.5250137901341074
KDE3510XF-475,18,2.745972837700946,9009.48923743182,22.510709871082426,45.94022422669883,0.6023050091499896,0.614338767817391
KDE3510XF-475,20,2.4599773436544234,9133.181312772476,21.345983886907764,43.56323242226074,0.6926661049629697,0.7024134494835648
KDE3510XF-475,22,2.2313862140525216,9246.389397820552,20.27976703577212,41.38727966484107,0.8008649243735717,0.8089205810021626
KDE3510XF-475,25,1.862907466211404,9458.28648475398,18.284279470123938,37.31485606147742,0.9926727548827226,0.9989110553759034
KDE3510XF-475,28,1.4706030001813881,9735.172055235773,15.677146155447504,31.994175827443886,1.216782356966378,1.2217554919258655
MN3510 KV700,0,5.841927383573279,9951.955812409737,61.01117068513066,124.51259323496053,,
MN3510 KV700,5,5.860869068127498,10243.269332191103,58.41653881171526,119.21742614635768,1.5549334121951213,1.709086133186994
MN3510 KV700,10,5.5858683016334085,10490.568655495286,56.213824329072814,114.72209046749555,0.5283081619172818,0.56684634216525
MN3510 KV700,13,5.338394971685783,10628.564890574742,54.98457130936097,112.21341083543057,0.47612068136538216,0.4989243383168425
MN3510 KV700,15,5.122466137032477,10726.813257090105,54.10957830771605,110.42771083207357,0.5036143705247947,0.5207424506350028
MN3510 KV700,18,4.7877632300505315,10878.115399951483,52.761638938324545,107.67681415984602,0.5994780597553684,0.6113725598319016
MN3510 KV700,20,4.526155073681366,10996.917110370327,51.70288590661806,105.51609368697562,0.6903762759533263,0.7000108210153184
MN3510 KV700,22,4.307831538565581,11103.634497746258,50.75231695014814,103.57615704111866,0.7989725037044451,0.8069349376399757
MN3510 KV700,25,3.879213103642016,11363.012711601952,48.441152085743845,98.85949405253847,0.9912072643165508,0.9973733731562259
MN3510 KV700,28,3.525467942804706,11623.97076988685,46.11565034628435,94.11357213527418,1.2156140768594172,1.2205296610747194
SunnySky X2814 KV900,0,6.337917412194072,10333.84828292611,88.47037837701903,180.55179260616129,,
SunnySky X2814 KV900,5,6.491249833670014,10725.026250792533,85.39917049271351,174.28402141370105,1.5724010665717576,1.7274169486381574
SunnySky X2814 KV900,10,6.336107693063165,11050.04991712868,82.84726702577954,169.07605515465212,0.5326750755114409,0.5714290460280409
SunnySky X2814 KV900,13,6.145785015918429,11225.191115582738,81.47207207188897,166.26953484058976,0.4787046539063047,0.5016359974072513
SunnySky X2814 KV900,15,5.938573099336598,11368.941964174426,80.34333495046812,163.9659896948329,0.5055552210110877,0.5227792079073543
SunnySky X2814 KV900,18,5.636440810861608,11546.514223139522,78.9489822986954,161.12037203815387,0.6008258725930717,0.612786974604368
SunnySky X2814 KV900,20,5.4470483289306095,11665.32921652707,78.01620084021562,159.2167364086033,0.6914680043518662,0.7011564969810161
SunnySky X2814 KV900,22,5.186706799268073,11820.063230288546,76.80142431924429,156.73760065151896,0.7998747585792714,0.8078817772810482
SunnySky X2814 KV900,25,4.8336735806346836,12057.86658729846,74.93317970381437,152.92485653839668,0.9919059704916162,0.9981066057742722
SunnySky X2814 KV900,28,4.475363804777199,12349.73861586883,72.64133835837703,148.24762930281025,1.2161710811443867,1.2211141896286466
