case,motor,maiden_mass_kg,design_mass_kg,static_full_throttle_thrust_kgf,static_full_throttle_winding_A,static_at_rating_thrust_kgf,static_at_rating_TW_maiden,static_at_rating_TW_design,fullthrottle_thrust_15ms_total_kgf,fullthrottle_thrust_20ms_total_kgf,drag_15ms_kgf,drag_20ms_kgf,margin_20ms,cruise15_power_W,cruise15_winding_pct_rating,cruise15_endurance_min,cruise20_power_W,cruise20_winding_pct_rating,cruise20_endurance_min,best_range_speed_ms,best_range_km,vmax_full_throttle_ms
"Base: APC 12x6, 24.0 V pack, KV factor 1.0",MN3110 KV700,3.8,3.99,2.57,54.3,1.33,0.7,0.67,5.03,4.54,0.5,0.69,6.6,132.0,33.0,98.0,225.0,46.0,57.0,13.5,90.0,39.0
"Base: APC 12x6, 24.0 V pack, KV factor 1.0",U5 KV400,3.95,4.14,1.9,20.2,1.9,0.96,0.92,2.81,2.17,0.51,0.7,3.1,128.0,14.0,101.0,213.0,19.0,61.0,13.5,92.0,27.25
"Base: APC 12x6, 24.0 V pack, KV factor 1.0",KDE3510XF-475,3.88,4.07,2.2,29.8,2.2,1.13,1.08,3.67,3.02,0.51,0.69,4.4,133.0,17.0,97.0,221.0,23.0,58.0,13.5,89.0,31.0
"Base: APC 12x6, 24.0 V pack, KV factor 1.0",MN3510 KV700,3.83,4.02,2.93,65.7,1.49,0.78,0.74,5.93,5.4,0.5,0.69,7.8,132.0,29.0,98.0,221.0,39.0,58.0,13.5,90.0,40.0
"Base: APC 12x6, 24.0 V pack, KV factor 1.0",SunnySky X2814 KV900,3.86,4.05,3.13,93.3,2.02,1.05,1.0,6.79,6.43,0.51,0.69,9.3,142.0,19.0,91.0,238.0,26.0,54.0,13.5,83.0,40.0
Pack at 22.2 V (mid-discharge),MN3110 KV700,3.8,3.99,2.36,48.1,1.33,0.7,0.67,4.43,3.88,0.5,0.69,5.6,132.0,33.0,98.0,225.0,46.0,57.0,13.5,90.0,36.5
Pack at 22.2 V (mid-discharge),U5 KV400,3.95,4.14,1.69,17.1,1.69,0.85,0.82,2.32,1.72,0.51,0.7,2.5,128.0,14.0,101.0,213.0,19.0,61.0,13.5,92.0,25.25
Pack at 22.2 V (mid-discharge),KDE3510XF-475,3.88,4.07,1.98,25.6,1.98,1.02,0.97,3.08,2.49,0.51,0.69,3.6,133.0,17.0,97.0,221.0,23.0,58.0,13.5,89.0,28.75
Pack at 22.2 V (mid-discharge),MN3510 KV700,3.83,4.02,2.68,57.9,1.49,0.78,0.74,5.2,4.66,0.5,0.69,6.7,132.0,29.0,98.0,221.0,39.0,58.0,13.5,90.0,38.5
Pack at 22.2 V (mid-discharge),SunnySky X2814 KV900,3.86,4.05,2.89,83.3,2.02,1.05,1.0,6.06,5.63,0.51,0.69,8.1,142.0,19.0,91.0,238.0,26.0,54.0,13.5,83.0,40.0
Effective KV 10% low (factor 0.9),MN3110 KV700,3.8,3.99,2.54,48.0,1.43,0.75,0.72,4.81,4.26,0.5,0.69,6.2,129.0,30.0,100.0,220.0,41.0,59.0,13.5,92.0,37.25
Effective KV 10% low (factor 0.9),U5 KV400,3.95,4.14,1.71,15.7,1.71,0.87,0.83,2.32,1.7,0.51,0.7,2.4,128.0,13.0,101.0,212.0,17.0,61.0,13.5,92.0,25.0
Effective KV 10% low (factor 0.9),KDE3510XF-475,3.88,4.07,2.04,24.1,2.04,1.05,1.0,3.16,2.54,0.51,0.69,3.7,133.0,15.0,97.0,219.0,21.0,59.0,13.5,89.0,28.75
Effective KV 10% low (factor 0.9),MN3510 KV700,3.83,4.02,2.86,57.3,1.6,0.84,0.8,5.59,5.01,0.5,0.69,7.3,130.0,26.0,99.0,218.0,36.0,59.0,13.5,91.0,39.0
Effective KV 10% low (factor 0.9),SunnySky X2814 KV900,3.86,4.05,3.14,84.6,2.17,1.13,1.07,6.68,6.26,0.51,0.69,9.1,140.0,17.0,92.0,234.0,24.0,55.0,13.5,84.0,40.0
Worst: 22.2 V and factor 0.9,MN3110 KV700,3.8,3.99,2.32,42.2,1.43,0.75,0.72,4.21,3.62,0.5,0.69,5.3,129.0,30.0,100.0,220.0,41.0,59.0,13.5,92.0,34.75
Worst: 22.2 V and factor 0.9,U5 KV400,3.95,4.14,1.51,13.1,1.51,0.76,0.73,1.89,1.28,0.51,0.7,1.8,128.0,13.0,101.0,212.0,17.0,61.0,13.5,92.0,23.0
Worst: 22.2 V and factor 0.9,KDE3510XF-475,3.88,4.07,1.82,20.5,1.82,0.94,0.89,2.65,2.02,0.51,0.69,2.9,133.0,15.0,97.0,219.0,21.0,59.0,13.5,89.0,26.75
Worst: 22.2 V and factor 0.9,MN3510 KV700,3.83,4.02,2.61,50.1,1.6,0.84,0.8,4.85,4.26,0.5,0.69,6.2,130.0,26.0,99.0,218.0,36.0,59.0,13.5,91.0,36.25
Worst: 22.2 V and factor 0.9,SunnySky X2814 KV900,3.86,4.05,2.89,75.1,2.17,1.13,1.07,5.93,5.44,0.51,0.69,7.9,140.0,17.0,92.0,234.0,24.0,55.0,13.5,84.0,40.0
APC 12x6SF (slow flyer) propeller,MN3110 KV700,3.8,3.99,2.9,59.4,1.19,0.63,0.6,5.18,4.59,0.5,0.69,6.7,138.0,37.0,93.0,244.0,53.0,53.0,13.0,87.0,39.5
APC 12x6SF (slow flyer) propeller,U5 KV400,3.95,4.14,2.25,25.5,2.25,1.14,1.09,3.26,2.61,0.51,0.7,3.8,132.0,16.0,98.0,225.0,22.0,57.0,13.5,90.0,29.25
APC 12x6SF (slow flyer) propeller,KDE3510XF-475,3.88,4.07,2.56,35.4,2.22,1.15,1.09,4.05,3.4,0.51,0.69,4.9,137.0,19.0,94.0,233.0,26.0,55.0,13.0,87.0,33.0
APC 12x6SF (slow flyer) propeller,MN3510 KV700,3.83,4.02,3.51,70.3,1.37,0.72,0.68,6.24,5.61,0.5,0.69,8.1,136.0,32.0,95.0,237.0,45.0,55.0,13.0,88.0,40.0
APC 12x6SF (slow flyer) propeller,SunnySky X2814 KV900,3.86,4.05,3.82,96.7,1.99,1.03,0.98,6.97,6.35,0.51,0.69,9.2,148.0,21.0,87.0,256.0,30.0,50.0,13.0,80.0,40.0
APC 12x6E (thin electric) propeller,MN3110 KV700,3.8,3.99,2.86,47.8,1.59,0.83,0.79,4.98,4.38,0.5,0.69,6.4,134.0,32.0,96.0,229.0,45.0,56.0,13.5,88.0,38.0
APC 12x6E (thin electric) propeller,U5 KV400,3.95,4.14,1.91,15.7,1.91,0.97,0.92,2.55,1.92,0.51,0.7,2.8,131.0,14.0,98.0,218.0,18.0,59.0,14.0,89.0,26.0
APC 12x6E (thin electric) propeller,KDE3510XF-475,3.88,4.07,2.29,24.1,2.29,1.18,1.13,3.4,2.74,0.51,0.69,4.0,136.0,17.0,95.0,226.0,22.0,57.0,14.0,86.0,29.75
APC 12x6E (thin electric) propeller,MN3510 KV700,3.83,4.02,3.24,57.1,1.79,0.93,0.89,5.82,5.23,0.5,0.69,7.6,134.0,28.0,96.0,226.0,38.0,57.0,14.0,88.0,40.0
APC 12x6E (thin electric) propeller,SunnySky X2814 KV900,3.86,4.05,3.56,84.4,2.45,1.27,1.21,6.91,6.36,0.51,0.69,9.2,145.0,19.0,89.0,242.0,25.0,53.0,14.0,81.0,40.0
