motor,case,mass_kg,full_thr_thrust_kgf,full_thr_iw,full_thr_pct_rating,full_thr_ibus,full_thr_rpm,full_thr_TW,at_rating_thrust_kgf,at_rating_TW,at_rating_duty
MN3110 KV700,maiden,3.8,2.5711679262692937,50.84553005081164,242.1215716705316,51.88319392939963,9374.15682389601,1.353246276983839,1.3510901141286578,0.7111000600677146,0.5683009838458738
MN3110 KV700,design (with payload),3.99,2.5711679262692937,50.84553005081164,242.1215716705316,51.88319392939963,9374.15682389601,1.2888059780798464,1.3510901141286578,0.6772381524454425,0.5683009838458738
U5 KV400,maiden,3.95,1.7985377158596356,17.78456921849277,59.2818973949759,18.147519610706908,7919.62538524391,0.9101911517508278,1.7985377158596356,0.9101911517508278,1.0
U5 KV400,design (with payload),4.14,1.7985377158596356,17.78456921849277,59.2818973949759,18.147519610706908,7919.62538524391,0.8684392640558357,1.7985377158596356,0.8684392640558357,1.0
KDE3510XF-475,maiden,3.88,2.122569184643399,26.69481631499976,88.98272104999918,27.239608484693633,8565.087973835552,1.0941078271357727,2.122569184643399,1.0941078271357727,1.0
KDE3510XF-475,design (with payload),4.07,2.122569184643399,26.69481631499976,88.98272104999918,27.239608484693633,8565.087973835552,1.0430315403653068,2.122569184643399,1.0430315403653068,1.0
MN3510 KV700,maiden,3.83,2.9209636917866395,61.01117068513066,244.04468274052263,62.25629661748027,9951.955812409737,1.52371606248651,1.5362922780263828,0.8014044225489739,0.5744313647571498
MN3510 KV700,design (with payload),4.02,2.9209636917866395,61.01117068513066,244.04468274052263,62.25629661748027,9951.955812409737,1.4517712185818288,1.5362922780263828,0.7635647505101306,0.5744313647571498
SunnySky X2814 KV900,maiden,3.86,3.168958706097036,88.47037837701903,176.94075675403806,90.27589630308064,10333.84828292611,1.6436507811706618,2.1032576839067563,1.0909012883333797,0.6364890328617504
SunnySky X2814 KV900,design (with payload),4.05,3.168958706097036,88.47037837701903,176.94075675403806,90.27589630308064,10333.84828292611,1.5664650054854357,2.1032576839067563,1.0396726069731868,0.6364890328617504
